Workbook

Sheet Instruções
A1: RDAA — TEMPLATE DE CÁLCULO JUDICIAL
A3: Versão | B3: v1 — template local sem macros
A4: Finalidade | B4: Organizar entradas, resultados calculados pelo motor Python, fontes e memória de cálculo.
A5: Limite importante | B5: Este arquivo não escolhe índice, termo inicial, juros, multa ou honorários. Esses parâmetros devem ser declarados e conferidos.
A6: Atualização | B6: Novos índices entram como candidato, com fonte, hash e caso dourado, antes de qualquer status aprovado.
A9: Fluxo recomendado
A10: Etapa | B10: Ação | C10: Resultado esperado | D10: Responsável
A11: 1 | B11: Declarar parâmetros da decisão ou título | C11: Entrada completa e verificável | D11: Advogado / equipe
A12: 2 | B12: Selecionar fonte primária e registrar origem | C12: Fonte, URL, competência e versão | D12: Equipe
A13: 3 | B13: Executar o motor local com índice aprovado | C13: JSON detalhado e hash do CSV | D13: Motor Python
A14: 4 | B14: Revisar divergências e encargos | C14: Aprovação ou bloqueio | D14: Advogado / equipe
A15: 5 | B15: Gerar memória e resumo | C15: Planilha pronta para conferência | D15: Gerador local
A18: Legenda de status
A19: Status | B19: Significado | C19: Pode calcular? | D19: Ação
A20: candidato | B20: Dados recebidos e ainda em conferência | C20: Não | D20: Completar fonte e caso dourado
A21: aprovado | B21: Fonte e regra conferidas pelo escritório | C21: Sim | D21: Usar no motor conforme contrato
A22: bloqueado | B22: Falha, lacuna, divergência ou origem insuficiente | C22: Não | D22: Corrigir ou substituir a fonte

Sheet Resumo
A1: RDAA — RESUMO DA MEMÓRIA DE CÁLCULO
A3: Matéria / identificador
A4: Processo
A5: Tribunal / UF
A6: Data final da conta
A7: Status da memória | B7: candidato
A10: Componentes do total
A11: Componente | B11: Origem | C11: Valor | D11: Status | E11: Conferência | F11: Observação
A12: Principal | B12: Lançamentos — valor original | C12: =SUM('Lançamentos'!E3:E202) | D12: =IF(COUNTIF('Lançamentos'!$T$3:$T$202,"bloqueado")>0,"bloqueado",IF(COUNTIF('Lançamentos'!$T$3:$T$202,"candidato")>0,"candidato",IF(COUNTA('Lançamentos'!$T$3:$T$202)=0,"candidato","aprovado"))) | E12: Revisar
A13: Correção monetária | B13: Lançamentos — valor corrigido | C13: =SUM('Lançamentos'!I3:I202) | D13: =IF(COUNTIF('Lançamentos'!$T$3:$T$202,"bloqueado")>0,"bloqueado",IF(COUNTIF('Lançamentos'!$T$3:$T$202,"candidato")>0,"candidato",IF(COUNTA('Lançamentos'!$T$3:$T$202)=0,"candidato","aprovado"))) | E13: Revisar
A14: Juros | B14: Lançamentos — juros | C14: =SUM('Lançamentos'!M3:M202) | D14: =IF(COUNTIF('Lançamentos'!$T$3:$T$202,"bloqueado")>0,"bloqueado",IF(COUNTIF('Lançamentos'!$T$3:$T$202,"candidato")>0,"candidato",IF(COUNTA('Lançamentos'!$T$3:$T$202)=0,"candidato","aprovado"))) | E14: Revisar
A15: Multa | B15: Lançamentos — multa | C15: =SUM('Lançamentos'!O3:O202) | D15: =IF(COUNTIF('Lançamentos'!$T$3:$T$202,"bloqueado")>0,"bloqueado",IF(COUNTIF('Lançamentos'!$T$3:$T$202,"candidato")>0,"candidato",IF(COUNTA('Lançamentos'!$T$3:$T$202)=0,"candidato","aprovado"))) | E15: Revisar
A16: Honorários | B16: Lançamentos — honorários | C16: =SUM('Lançamentos'!Q3:Q202) | D16: =IF(COUNTIF('Lançamentos'!$T$3:$T$202,"bloqueado")>0,"bloqueado",IF(COUNTIF('Lançamentos'!$T$3:$T$202,"candidato")>0,"candidato",IF(COUNTA('Lançamentos'!$T$3:$T$202)=0,"candidato","aprovado"))) | E16: Revisar
A17: Custas / reembolsos | B17: Lançamentos — custas | C17: =SUM('Lançamentos'!R3:R202) | D17: =IF(COUNTIF('Lançamentos'!$T$3:$T$202,"bloqueado")>0,"bloqueado",IF(COUNTIF('Lançamentos'!$T$3:$T$202,"candidato")>0,"candidato",IF(COUNTA('Lançamentos'!$T$3:$T$202)=0,"candidato","aprovado"))) | E17: Revisar
A18: TOTAL GLOBAL | C18: =SUM(C12:C17) | D18: =IF(COUNTIF('Lançamentos'!$T$3:$T$202,"bloqueado")>0,"bloqueado",IF(COUNTIF('Lançamentos'!$T$3:$T$202,"candidato")>0,"candidato",IF(COUNTA('Lançamentos'!$T$3:$T$202)=0,"candidato","aprovado")))
A21: Indicadores de controle
A22: Indicador | B22: Quantidade | C22: Interpretação | D22: Ação | E22: Fonte | F22: Observação
A23: Linhas aprovadas | B23: =COUNTIF('Lançamentos'!T3:T202,"aprovado") | C23: Resultados liberados | D23: Conferir memória
A24: Linhas candidatas | B24: =COUNTIF('Lançamentos'!T3:T202,"candidato") | C24: Ainda não liberadas | D24: Completar validação
A25: Linhas bloqueadas | B25: =COUNTIF('Lançamentos'!T3:T202,"bloqueado") | C25: Não podem compor resultado | D25: Corrigir ou excluir do cálculo

Sheet Lançamentos
A1: RDAA — LANÇAMENTOS E RESULTADOS DO MOTOR
A2: ID | B2: Grupo | C2: Descrição | D2: Data-base | E2: Valor original | F2: Fonte / índice | G2: Unidade / frequência | H2: Fator autorizado | I2: Valor corrigido — motor | J2: Início juros | K2: Fim juros | L2: Convenção de juros | M2: Juros — motor | N2: Multa % | O2: Multa — motor | P2: Honorários % | Q2: Honorários — motor | R2: Custas / reembolso — motor | S2: Total da linha | T2: Status | U2: Fonte / caso dourado | V2: Observações
A3: 1 | S3: =IF($T3<>"aprovado","",SUM($I3,$M3,$O3,$Q3,$R3))
A4: 2 | S4: =IF($T4<>"aprovado","",SUM($I4,$M4,$O4,$Q4,$R4))
A5: 3 | S5: =IF($T5<>"aprovado","",SUM($I5,$M5,$O5,$Q5,$R5))
A6: 4 | S6: =IF($T6<>"aprovado","",SUM($I6,$M6,$O6,$Q6,$R6))
A7: 5 | S7: =IF($T7<>"aprovado","",SUM($I7,$M7,$O7,$Q7,$R7))
A8: 6 | S8: =IF($T8<>"aprovado","",SUM($I8,$M8,$O8,$Q8,$R8))
A9: 7 | S9: =IF($T9<>"aprovado","",SUM($I9,$M9,$O9,$Q9,$R9))
A10: 8 | S10: =IF($T10<>"aprovado","",SUM($I10,$M10,$O10,$Q10,$R10))
A11: 9 | S11: =IF($T11<>"aprovado","",SUM($I11,$M11,$O11,$Q11,$R11))
A12: 10 | S12: =IF($T12<>"aprovado","",SUM($I12,$M12,$O12,$Q12,$R12))
A13: 11 | S13: =IF($T13<>"aprovado","",SUM($I13,$M13,$O13,$Q13,$R13))
A14: 12 | S14: =IF($T14<>"aprovado","",SUM($I14,$M14,$O14,$Q14,$R14))
... A202: 200 | S202: =IF($T202<>"aprovado","",SUM($I202,$M202,$O202,$Q202,$R202))

Sheet Segmentos de juros
A1: RDAA — SEGMENTOS DECLARADOS DE JUROS
A2: Lançamento | B2: Segmento | C2: Início | D2: Fim | E2: Taxa | F2: Unidade da taxa | G2: Base | H2: Convenção | I2: Meses | J2: Juros — motor | K2: Status

Sheet Índices
A1: RDAA — CATÁLOGO E PROVENIÊNCIA DE ÍNDICES
A2: ID | B2: Nome de exibição | C2: Autoridade primária | D2: URL / localização | E2: Código da série | F2: Arquivo bruto | G2: SHA-256 bruto | H2: CSV normalizado | I2: SHA-256 CSV | J2: Tipo de série | K2: Unidade | L2: Frequência | M2: Cobertura inicial | N2: Cobertura final | O2: Status | P2: Versão / observações
A3: tjmg-fator-atualizacao | B3: Fator de Atualização Monetária TJMG | C3: TJMG | D3: https://www.tjmg.jus.br/portal-tjmg/processos/indicadores/fator-de-atualizacao-monetaria.htm | J3: fator acumulado | K3: fator | L3: mensal | O3: candidato | P3: Fonte oficial, falta caso dourado
A4: tjsp-tabela-pratica | B4: Tabela Prática TJSP | C4: TJSP | D4: https://api.tjsp.jus.br/ | J4: fator acumulado | K4: fator | L4: mensal | O4: candidato | P4: Usar planilha oficial, validar regra
A5: drcalc-secundaria | B5: DrCalc — conferência secundária | C5: DrCalc | D5: https://drcalc.net/index.asp | J5: outro | K5: declarar | L5: declarar | O5: candidato | P5: Não é fonte primária

Sheet Casos dourados
A1: RDAA — CASOS DOURADOS E HOMOLOGAÇÃO
A2: Caso | B2: Índice | C2: Entrada resumida | D2: Convenção declarada | E2: Resultado esperado | F2: Tolerância | G2: Memória / evidência | H2: Status | I2: Aprovado por | J2: Data / observações

Sheet Regras declaradas
A1: RDAA — REGRAS DECLARADAS DO CASO
A2: Componente | B2: Regra / valor declarado | C2: Fonte da declaração | D2: Status | E2: Efeito no cálculo | F2: Observação
A3: Correção monetária | D3: candidato | E3: Informar índice e convenção de datas
A4: Juros moratórios | D4: candidato | E4: Informar taxa, termo inicial, termo final e base
A5: Multa | D5: candidato | E5: Informar percentual, base e incidência
A6: Honorários | D6: candidato | E6: Informar percentual ou valor e base declarada
A7: Custas / reembolso | D7: candidato | E7: Informar itens e regra de atualização
A8: Período parcial | D8: candidato | E8: Não presumir mês completo ou pro rata
